ID_Prestamo,ID_Cliente,ID_Proposito,ID_Tiempo,Monto,Duracion,Tasa,Cuota_Mensual,Creditos_Existentes,Score_Cliente,Estado_Riesgo
1,1001,1,138,1169,6,4,194.83,2,524,Good
2,1002,1,30,5951,48,2,123.98,1,645,Bad
3,1003,2,353,2096,12,2,174.67,1,529,Good
4,1004,3,307,7882,42,2,187.67,1,595,Good
5,1005,4,276,4870,24,3,202.92,2,432,Bad
6,1006,2,172,9055,36,2,251.53,1,512,Good
7,1007,3,126,2835,24,3,118.12,1,697,Good
8,1008,5,108,6948,36,2,193.0,1,633,Good
9,1009,1,533,3059,12,2,254.92,1,585,Good
10,1010,4,40,5234,30,4,174.47,2,476,Bad
11,1011,4,37,1295,12,3,107.92,1,596,Bad
12,1012,6,116,4308,48,3,89.75,1,536,Bad
13,1013,1,269,1567,12,1,130.58,1,657,Good
14,1014,4,289,1199,24,4,49.96,2,482,Bad
15,1015,4,641,1403,15,2,93.53,1,528,Good
16,1016,1,32,1282,24,4,53.42,1,603,Bad
17,1017,1,248,2424,24,4,101.0,2,529,Good
18,1018,6,529,8072,30,2,269.07,3,579,Good
19,1019,5,272,12579,24,4,524.12,1,542,Bad
20,1020,1,570,3430,24,3,142.92,1,607,Good
21,1021,4,357,2134,9,4,237.11,3,503,Good
22,1022,1,11,2647,6,2,441.17,1,513,Good
23,1023,4,201,2241,10,1,224.1,2,372,Good
24,1024,5,534,1804,12,3,150.33,1,457,Good
25,1025,3,442,2069,10,2,206.9,2,473,Good
26,1026,3,357,1374,6,1,229.0,1,593,Good
27,1027,1,194,426,6,4,71.0,1,685,Good
28,1028,1,265,409,12,3,34.08,2,721,Good
29,1029,1,437,2415,7,3,345.0,1,601,Good
30,1030,6,126,6836,60,3,113.93,2,531,Bad
31,1031,6,114,1913,18,3,106.28,1,601,Good
32,1032,3,482,4020,24,2,167.5,1,645,Good
33,1033,4,118,5866,18,2,325.89,2,619,Good
34,1034,6,462,1264,12,4,105.33,1,488,Good
35,1035,3,446,1474,12,4,122.83,1,694,Good
36,1036,1,335,4746,45,4,105.47,2,463,Bad
37,1037,2,52,6110,48,1,127.29,1,436,Good
38,1038,1,584,2100,18,4,116.67,1,641,Bad
39,1039,7,154,1225,10,2,122.5,1,660,Good
40,1040,1,479,458,9,4,50.89,1,685,Good
41,1041,1,97,2333,30,4,77.77,1,702,Good
42,1042,1,378,1158,12,3,96.5,1,685,Good
43,1043,8,464,6204,18,2,344.67,1,526,Good
44,1044,5,240,6187,30,1,206.23,2,440,Good
45,1045,5,85,6143,48,4,127.98,2,405,Bad
46,1046,4,55,1393,11,4,126.64,2,438,Good
47,1047,1,281,2299,36,4,63.86,1,666,Good
48,1048,5,374,1352,6,1,225.33,1,511,Good
49,1049,4,98,7228,11,1,657.09,2,440,Good
50,1050,1,289,2073,12,4,172.75,1,557,Good
51,1051,3,124,2333,24,4,97.21,1,569,Good
52,1052,5,482,5965,27,1,220.93,2,558,Good
53,1053,1,357,1262,12,3,105.17,1,619,Good
54,1054,5,575,3378,18,2,187.67,1,628,Good
55,1055,4,469,2225,36,4,61.81,2,600,Bad
56,1056,4,206,783,6,1,130.5,1,657,Good
57,1057,1,473,6468,12,2,539.0,1,524,Bad
58,1058,1,459,9566,36,2,265.72,2,450,Good
59,1059,4,255,1961,18,3,108.94,1,749,Good
60,1060,3,339,6229,36,4,173.03,2,429,Bad
61,1061,6,88,1391,9,2,154.56,1,635,Good
62,1062,1,217,1537,15,4,102.47,2,594,Good
63,1063,6,672,1953,36,4,54.25,1,666,Bad
64,1064,6,307,14421,48,2,300.44,1,624,Bad
65,1065,1,207,3181,24,4,132.54,1,604,Good
66,1066,8,589,5190,27,4,192.22,4,690,Good
67,1067,1,481,2171,12,2,180.92,1,577,Good
68,1068,4,344,1007,12,4,83.92,1,710,Good
69,1069,2,271,1819,36,4,50.53,1,590,Bad
70,1070,1,420,2394,36,4,66.5,1,620,Good
71,1071,5,67,8133,36,1,225.92,1,590,Good
72,1072,1,283,730,7,4,104.29,2,566,Good
73,1073,9,40,1164,8,3,145.5,2,448,Good
74,1074,6,409,5954,42,2,141.76,2,596,Good
75,1075,2,507,1977,36,4,54.92,1,581,Bad
76,1076,5,341,1526,12,4,127.17,2,474,Good
77,1077,1,80,3965,42,4,94.4,1,592,Bad
78,1078,1,258,4771,11,2,433.73,1,541,Good
79,1079,5,408,9436,54,2,174.74,1,652,Good
80,1080,3,261,3832,30,2,127.73,1,560,Good
81,1081,1,634,5943,24,1,247.62,2,543,Bad
82,1082,1,499,1213,15,4,80.87,1,690,Good
83,1083,6,583,1568,18,3,87.11,1,644,Good
84,1084,9,176,1755,24,4,73.12,1,644,Good
85,1085,1,336,2315,10,3,231.5,1,575,Good
86,1086,6,172,1412,12,4,117.67,2,474,Good
87,1087,3,310,1295,18,4,71.94,2,557,Good
88,1088,2,332,12612,36,1,350.33,1,569,Bad
89,1089,4,542,2249,18,4,124.94,1,594,Good
90,1090,8,504,1108,12,4,92.33,2,695,Bad
91,1091,1,465,618,12,4,51.5,1,562,Good
92,1092,5,271,1409,12,4,117.42,1,539,Good
93,1093,1,171,797,12,4,66.42,1,538,Bad
94,1094,3,648,3617,24,4,150.71,2,570,Good
95,1095,4,627,1318,12,4,109.83,1,678,Good
96,1096,6,112,15945,54,3,295.28,1,546,Bad
97,1097,2,57,2012,12,4,167.67,1,518,Good
98,1098,6,137,2622,18,4,145.67,1,657,Good
99,1099,1,190,2337,36,4,64.92,1,600,Good
100,1100,5,202,7057,20,3,352.85,2,502,Good
101,1101,4,533,1469,24,4,61.21,1,597,Good
102,1102,1,77,2323,36,4,64.53,1,647,Good
103,1103,1,491,932,6,3,155.33,1,509,Good
104,1104,3,485,1919,9,4,213.22,1,485,Good
105,1105,5,596,2445,12,2,203.75,1,535,Good
106,1106,9,666,11938,24,2,497.42,2,512,Bad
107,1107,4,319,6458,18,2,358.78,2,696,Bad
108,1108,4,16,6078,12,2,506.5,1,645,Good
109,1109,3,142,7721,24,1,321.71,1,537,Good
110,1110,6,339,1410,14,1,100.71,1,717,Good
111,1111,6,442,1449,6,1,241.5,2,512,Good
112,1112,2,138,392,15,4,26.13,1,659,Good
113,1113,4,379,6260,18,3,347.78,1,601,Good
114,1114,4,551,7855,36,4,218.19,2,533,Bad
115,1115,1,198,1680,12,3,140.0,1,624,Good
116,1116,1,576,3578,48,4,74.54,1,569,Good
117,1117,1,7,7174,42,4,170.81,1,608,Bad
118,1118,3,333,2132,10,2,213.2,2,364,Good
119,1119,3,636,4281,33,1,129.73,2,504,Bad
120,1120,4,224,2366,12,3,197.17,1,572,Good
121,1121,1,645,1835,21,3,87.38,2,643,Bad
122,1122,5,131,3868,24,4,161.17,2,462,Good
123,1123,3,386,1768,12,3,147.33,1,612,Good
124,1124,4,645,781,10,4,78.1,2,547,Good
125,1125,3,248,1924,18,4,106.89,1,597,Bad
126,1126,4,190,2121,12,4,176.75,2,535,Good
127,1127,1,475,701,12,4,58.42,1,590,Good
128,1128,8,204,639,12,4,53.25,1,663,Bad
129,1129,5,667,1860,12,4,155.0,2,462,Good
130,1130,4,2,3499,12,3,291.58,2,424,Bad
131,1131,4,419,8487,48,1,176.81,1,623,Good
132,1132,2,622,6887,36,4,191.31,1,502,Bad
133,1133,3,22,2708,15,2,180.53,2,548,Good
134,1134,3,139,1984,18,4,110.22,2,564,Good
135,1135,1,466,10144,60,2,169.07,1,602,Good
136,1136,1,398,1240,12,4,103.33,2,606,Good
137,1137,5,298,8613,27,2,319.0,2,466,Good
138,1138,1,70,766,12,4,63.83,1,670,Bad
139,1139,1,301,2728,15,4,181.87,3,574,Good
140,1140,1,97,1881,12,2,156.75,1,623,Good
141,1141,4,106,709,6,2,118.17,1,676,Good
142,1142,1,618,4795,36,4,133.19,1,659,Good
143,1143,1,84,3416,27,3,126.52,1,541,Good
144,1144,3,669,2462,18,2,136.78,1,595,Bad
145,1145,3,155,2288,21,4,108.95,1,467,Good
146,1146,6,160,3566,48,4,74.29,1,743,Good
147,1147,4,605,860,6,1,143.33,2,472,Good
148,1148,4,211,682,12,4,56.83,2,500,Good
149,1149,3,336,5371,36,3,149.19,2,485,Good
150,1150,1,665,1582,18,4,87.89,2,568,Good
151,1151,1,535,1346,6,2,224.33,1,597,Good
152,1152,1,259,1924,10,1,192.4,1,620,Good
153,1153,1,250,5848,36,4,162.44,1,679,Good
154,1154,5,405,7758,24,2,323.25,1,506,Good
155,1155,6,504,6967,24,4,290.29,1,518,Good
156,1156,3,474,1282,12,2,106.83,1,558,Bad
157,1157,8,556,1288,9,3,143.11,2,565,Good
158,1158,10,655,339,12,4,28.25,1,694,Good
159,1159,4,574,3512,24,2,146.33,2,634,Good
160,1160,1,150,1898,6,1,316.33,2,479,Good
161,1161,1,312,2872,24,3,119.67,1,500,Good
162,1162,4,278,1055,18,4,58.61,2,513,Good
163,1163,7,78,1262,15,4,84.13,2,694,Good
164,1164,4,439,7308,10,2,730.8,1,435,Good
165,1165,4,26,909,36,4,25.25,1,708,Good
166,1166,3,284,2978,6,1,496.33,1,592,Good
167,1167,3,272,1131,18,4,62.83,1,574,Bad
168,1168,3,12,1577,11,4,143.36,1,676,Good
169,1169,3,87,3972,24,2,165.5,1,582,Good
170,1170,6,72,1935,24,4,80.62,2,577,Bad
171,1171,4,282,950,15,4,63.33,2,633,Bad
172,1172,3,81,763,12,4,63.58,1,615,Good
173,1173,3,39,2064,24,3,86.0,1,517,Bad
174,1174,1,427,1414,8,4,176.75,1,660,Good
175,1175,2,87,3414,21,2,162.57,2,478,Bad
176,1176,5,651,7485,30,4,249.5,1,554,Bad
177,1177,3,295,2577,12,2,214.75,1,590,Good
178,1178,1,358,338,6,4,56.33,2,583,Good
179,1179,1,617,1963,12,4,163.58,2,582,Good
180,1180,4,264,571,21,4,27.19,2,621,Good
181,1181,6,164,9572,36,1,265.89,2,478,Bad
182,1182,6,602,4455,36,2,123.75,2,534,Bad
183,1183,4,303,1647,21,4,78.43,2,607,Bad
184,1184,3,602,3777,24,4,157.38,1,504,Good
185,1185,4,514,884,18,4,49.11,1,593,Bad
186,1186,1,236,1360,15,4,90.67,2,541,Good
187,1187,5,117,5129,9,2,569.89,1,604,Bad
188,1188,4,118,1175,16,2,73.44,3,427,Good
189,1189,1,545,674,12,4,56.17,1,614,Bad
190,1190,3,457,3244,18,1,180.22,2,644,Good
191,1191,6,536,4591,24,2,191.29,3,596,Bad
192,1192,6,519,3844,48,4,80.08,1,705,Bad
193,1193,6,594,3915,27,4,145.0,1,656,Bad
194,1194,1,65,2108,6,2,351.33,1,522,Good
195,1195,1,120,3031,45,4,67.36,1,645,Bad
196,1196,2,75,1501,9,2,166.78,2,581,Bad
197,1197,1,508,1382,6,1,230.33,2,463,Good
198,1198,3,441,951,12,4,79.25,4,614,Bad
199,1199,5,136,2760,24,4,115.0,1,631,Good
200,1200,3,314,4297,18,4,238.72,1,535,Bad
201,1201,2,239,936,9,4,104.0,2,570,Good
202,1202,4,236,1168,12,4,97.33,1,636,Good
203,1203,6,569,5117,27,3,189.52,2,572,Good
204,1204,10,173,902,12,4,75.17,1,631,Bad
205,1205,4,533,1495,12,4,124.58,2,488,Good
206,1206,5,229,10623,30,3,354.1,3,391,Good
207,1207,3,358,1935,12,4,161.25,3,545,Good
208,1208,7,590,1424,12,4,118.67,1,565,Good
209,1209,6,316,6568,24,2,273.67,1,575,Good
210,1210,5,94,1413,12,3,117.75,1,745,Good
211,1211,1,564,3074,9,1,341.56,2,477,Good
212,1212,1,119,3835,36,2,106.53,1,684,Good
213,1213,6,60,5293,27,2,196.04,2,588,Bad
214,1214,6,19,1908,30,4,63.6,1,699,Bad
215,1215,1,116,3342,36,4,92.83,1,550,Good
216,1216,10,293,932,6,1,155.33,2,572,Good
217,1217,6,213,3104,18,3,172.44,1,626,Good
218,1218,1,513,3913,36,2,108.69,1,692,Good
219,1219,3,617,3021,24,2,125.88,1,535,Good
220,1220,4,610,1364,10,2,136.4,1,612,Good
221,1221,1,263,625,12,4,52.08,1,719,Good
222,1222,2,507,1200,12,4,100.0,1,523,Good
223,1223,1,72,707,12,4,58.92,2,660,Good
224,1224,6,210,2978,24,4,124.08,2,471,Good
225,1225,5,480,4657,15,3,310.47,1,565,Good
226,1226,8,5,2613,36,4,72.58,2,712,Good
227,1227,1,496,10961,48,1,228.35,2,641,Bad
228,1228,3,337,7865,12,4,655.42,1,477,Bad
229,1229,1,577,1478,9,4,164.22,1,608,Bad
230,1230,3,366,3149,24,4,131.21,1,520,Good
231,1231,1,535,4210,36,4,116.94,1,678,Bad
232,1232,4,619,2507,9,2,278.56,1,566,Good
233,1233,1,193,2141,12,3,178.42,1,631,Good
234,1234,1,235,866,18,4,48.11,1,660,Good
235,1235,1,384,1544,4,2,386.0,3,544,Good
236,1236,1,267,1823,24,4,75.96,1,569,Bad
237,1237,4,71,14555,6,1,2425.83,1,459,Bad
238,1238,6,75,2767,21,4,131.76,2,655,Bad
239,1239,1,406,1291,12,4,107.58,2,500,Good
240,1240,1,69,2522,30,1,84.07,1,685,Good
241,1241,4,59,915,24,4,38.12,1,636,Bad
242,1242,1,607,1595,6,3,265.83,1,596,Good
243,1243,5,639,4605,48,3,95.94,2,655,Bad
244,1244,6,668,1185,12,3,98.75,2,545,Good
245,1245,10,197,3447,12,4,287.25,1,563,Good
246,1246,6,68,1258,24,4,52.42,1,649,Good
247,1247,1,646,717,12,4,59.75,3,545,Good
248,1248,4,99,1204,6,4,200.67,1,590,Good
249,1249,3,232,1925,24,2,80.21,1,782,Good
250,1250,1,83,433,18,3,24.06,1,542,Bad
251,1251,4,82,666,6,3,111.0,2,482,Good
252,1252,3,292,2251,12,1,187.58,1,727,Good
253,1253,4,509,2150,30,4,71.67,1,743,Bad
254,1254,3,149,4151,24,2,172.96,2,550,Good
255,1255,3,309,2030,9,2,225.56,1,594,Good
256,1256,1,48,7418,60,1,123.63,1,545,Good
257,1257,1,102,2684,24,4,111.83,2,528,Good
258,1258,1,528,2149,12,4,179.08,1,528,Bad
259,1259,5,662,3812,15,1,254.13,1,563,Good
260,1260,1,410,1154,11,4,104.91,3,473,Good
261,1261,3,330,1657,12,2,138.08,1,562,Good
262,1262,1,252,1603,24,4,66.79,1,658,Good
263,1263,4,407,5302,18,2,294.56,3,322,Good
264,1264,2,296,2748,12,2,229.0,3,409,Good
265,1265,4,337,1231,10,3,123.1,2,522,Good
266,1266,1,499,802,15,4,53.47,1,682,Bad
267,1267,6,162,6304,36,4,175.11,2,578,Good
268,1268,1,389,1533,24,4,63.88,1,567,Good
269,1269,4,581,8978,14,1,641.29,1,556,Bad
270,1270,1,410,999,24,4,41.62,2,683,Good
271,1271,4,89,2662,18,4,147.89,1,673,Good
272,1272,3,14,1402,12,3,116.83,1,426,Good
273,1273,4,582,12169,48,4,253.52,1,544,Good
274,1274,1,122,3060,48,4,63.75,2,700,Bad
275,1275,8,91,11998,30,1,399.93,1,500,Bad
276,1276,1,262,2697,9,1,299.67,1,593,Good
277,1277,1,643,2404,18,2,133.56,2,495,Good
278,1278,3,337,1262,12,2,105.17,1,641,Good
279,1279,3,165,4611,6,1,768.5,1,522,Bad
280,1280,1,451,1901,24,4,79.21,1,588,Good
281,1281,5,83,3368,15,3,224.53,2,463,Good
282,1282,3,306,1574,12,4,131.17,1,629,Good
283,1283,1,472,1445,18,4,80.28,1,817,Good
284,1284,3,365,1520,15,4,101.33,1,522,Good
285,1285,4,198,3878,24,4,161.58,1,563,Good
286,1286,4,556,10722,47,1,228.13,1,471,Good
287,1287,5,394,4788,48,4,99.75,1,635,Good
288,1288,9,666,7582,48,2,157.96,1,447,Good
289,1289,1,13,1092,12,4,91.0,2,688,Good
290,1290,1,388,1024,24,4,42.67,1,481,Bad
291,1291,6,128,1076,12,2,89.67,1,633,Good
292,1292,5,167,9398,36,1,261.06,1,535,Bad
293,1293,5,335,6419,24,2,267.46,2,402,Good
294,1294,5,144,4796,42,4,114.19,1,585,Good
295,1295,6,133,7629,48,4,158.94,2,540,Good
296,1296,3,194,9960,48,1,207.5,1,569,Bad
297,1297,5,348,4675,12,1,389.58,1,536,Good
298,1298,4,361,1287,10,4,128.7,1,659,Good
299,1299,3,257,2515,18,3,139.72,1,634,Good
300,1300,3,445,2745,21,3,130.71,2,568,Good
301,1301,4,251,672,6,1,112.0,1,545,Good
302,1302,1,334,3804,36,4,105.67,1,673,Bad
303,1303,4,642,1344,24,4,56.0,2,652,Bad
304,1304,4,622,1038,10,4,103.8,2,538,Good
305,1305,4,319,10127,48,2,210.98,1,399,Bad
306,1306,3,61,1543,6,4,257.17,1,583,Good
307,1307,5,114,4811,30,2,160.37,1,628,Good
308,1308,1,536,727,12,4,60.58,1,572,Bad
309,1309,3,355,1237,8,3,154.62,1,666,Bad
310,1310,4,54,276,9,4,30.67,1,633,Good
311,1311,9,8,5381,48,3,112.1,1,513,Good
312,1312,3,433,5511,24,4,229.62,1,612,Good
313,1313,3,161,3749,24,2,156.21,1,694,Good
314,1314,4,331,685,12,2,57.08,1,724,Bad
315,1315,4,204,1494,4,1,373.5,1,679,Good
316,1316,3,561,2746,36,4,76.28,1,680,Bad
317,1317,3,541,708,12,2,59.0,1,640,Good
318,1318,3,14,4351,24,1,181.29,1,640,Good
319,1319,2,139,701,12,4,58.42,2,529,Good
320,1320,3,94,3643,15,1,242.87,2,506,Good
321,1321,4,185,4249,30,4,141.63,2,462,Bad
322,1322,1,43,1938,24,4,80.75,1,607,Bad
323,1323,5,472,2910,24,2,121.25,1,525,Good
324,1324,3,183,2659,18,4,147.72,1,652,Good
325,1325,4,544,1028,18,4,57.11,2,489,Good
326,1326,4,159,3398,8,1,424.75,2,423,Good
327,1327,3,51,5801,12,2,483.42,1,494,Good
328,1328,4,399,1525,24,4,63.54,1,683,Good
329,1329,1,468,4473,36,4,124.25,1,758,Good
330,1330,1,48,1068,6,4,178.0,1,708,Good
331,1331,5,460,6615,24,2,275.62,2,309,Good
332,1332,2,256,1864,18,4,103.56,2,493,Bad
333,1333,4,316,7408,60,4,123.47,1,622,Bad
334,1334,5,127,11590,48,2,241.46,2,399,Bad
335,1335,3,456,4110,24,3,171.25,2,659,Bad
336,1336,3,513,3384,6,1,564.0,1,395,Bad
337,1337,1,192,2101,13,2,161.62,1,595,Good
338,1338,7,293,1275,15,4,85.0,1,570,Bad
339,1339,3,205,4169,24,4,173.71,1,602,Good
340,1340,3,223,1521,10,4,152.1,1,633,Good
341,1341,2,521,5743,24,2,239.29,2,385,Good
342,1342,3,29,3599,21,1,171.38,1,577,Good
343,1343,1,225,3213,18,1,178.5,1,587,Good
344,1344,6,431,4439,18,1,246.61,1,644,Good
345,1345,4,520,3949,10,1,394.9,1,625,Good
346,1346,1,313,1459,15,4,97.27,1,526,Good
347,1347,1,339,882,13,4,67.85,2,486,Good
348,1348,1,201,3758,24,1,156.58,1,497,Good
349,1349,6,134,1743,6,1,290.5,2,468,Good
350,1350,2,486,1136,9,4,126.22,2,503,Bad
351,1351,7,46,1236,9,1,137.33,1,549,Good
352,1352,3,600,959,9,1,106.56,1,724,Bad
353,1353,5,274,3229,18,2,179.39,1,445,Good
354,1354,1,249,6199,12,4,516.58,2,555,Bad
355,1355,2,586,727,10,4,72.7,1,619,Good
356,1356,4,452,1246,24,4,51.92,1,619,Bad
357,1357,1,396,2331,12,1,194.25,1,529,Good
358,1358,1,281,4463,36,4,123.97,2,511,Bad
359,1359,1,275,776,12,4,64.67,1,649,Good
360,1360,3,28,2406,30,4,80.2,1,575,Bad
361,1361,2,242,1239,18,4,68.83,1,635,Good
362,1362,1,503,3399,12,2,283.25,1,755,Good
363,1363,4,425,2247,12,2,187.25,2,606,Good
364,1364,3,358,1766,6,1,294.33,1,552,Good
365,1365,3,85,2473,18,4,137.39,1,540,Bad
366,1366,6,359,1542,12,2,128.5,1,617,Good
367,1367,5,453,3850,18,3,213.89,2,486,Good
368,1368,3,648,3650,18,1,202.78,1,520,Good
369,1369,3,505,3446,36,4,95.72,1,662,Bad
370,1370,3,429,3001,18,2,166.72,1,606,Good
371,1371,4,34,3079,36,4,85.53,1,640,Good
372,1372,1,144,6070,18,3,337.22,2,514,Good
373,1373,3,330,2146,10,1,214.6,2,463,Good
374,1374,4,224,13756,60,2,229.27,1,468,Good
375,1375,9,337,14782,60,3,246.37,2,684,Bad
376,1376,6,45,7685,48,2,160.1,1,566,Bad
377,1377,1,135,2320,18,2,128.89,2,476,Good
378,1378,1,550,846,7,3,120.86,1,505,Good
379,1379,4,448,14318,36,4,397.72,1,665,Bad
380,1380,4,406,362,6,4,60.33,2,495,Good
381,1381,3,554,2212,20,4,110.6,1,584,Good
382,1382,5,650,12976,18,3,720.89,1,442,Bad
383,1383,4,144,1283,22,4,58.32,1,556,Good
384,1384,4,491,1330,12,4,110.83,1,654,Good
385,1385,6,236,4272,30,2,142.4,2,497,Good
386,1386,1,323,2238,18,2,124.33,2,494,Good
387,1387,1,54,1126,18,4,62.56,1,580,Good
388,1388,3,554,7374,18,4,409.67,2,486,Good
389,1389,6,4,2326,15,2,155.07,1,558,Good
390,1390,6,659,1449,9,3,161.0,2,612,Good
391,1391,4,245,1820,18,2,101.11,1,613,Good
392,1392,3,467,983,12,1,81.92,1,624,Good
393,1393,4,546,3249,36,2,90.25,1,540,Good
394,1394,1,86,1957,6,1,326.17,1,514,Good
395,1395,3,427,2406,9,2,267.33,1,425,Good
396,1396,2,406,11760,39,2,301.54,1,495,Good
397,1397,3,154,2578,12,3,214.83,1,408,Good
398,1398,3,390,2348,36,3,65.22,2,540,Good
399,1399,4,644,1223,12,1,101.92,2,676,Bad
400,1400,1,401,1516,24,4,63.17,2,557,Good
401,1401,1,517,1473,18,3,81.83,1,562,Good
402,1402,6,422,1887,18,4,104.83,2,542,Good
403,1403,6,508,8648,24,2,360.33,2,460,Bad
404,1404,4,382,802,14,4,57.29,2,551,Good
405,1405,4,158,2899,18,4,161.06,1,586,Good
406,1406,1,239,2039,24,1,84.96,1,668,Bad
407,1407,5,531,2197,24,4,91.54,2,507,Good
408,1408,1,480,1053,15,4,70.2,1,585,Good
409,1409,1,219,3235,24,3,134.79,1,653,Good
410,1410,4,391,939,12,4,78.25,3,645,Bad
411,1411,1,512,1967,24,4,81.96,1,741,Good
412,1412,5,1,7253,33,3,219.79,2,446,Good
413,1413,6,395,2292,12,4,191.0,2,373,Bad
414,1414,4,369,1597,10,3,159.7,1,608,Good
415,1415,4,256,1381,24,4,57.54,1,629,Bad
416,1416,5,544,5842,36,2,162.28,2,507,Good
417,1417,4,416,2579,12,4,214.92,1,606,Bad
418,1418,2,592,8471,18,1,470.61,2,433,Good
419,1419,4,561,2782,21,1,132.48,1,665,Good
420,1420,4,562,1042,18,4,57.89,1,682,Bad
421,1421,4,263,3186,15,2,212.4,1,651,Good
422,1422,5,649,2028,12,4,169.0,1,702,Good
423,1423,4,603,958,12,2,79.83,2,572,Good
424,1424,3,215,1591,21,4,75.76,2,599,Good
425,1425,3,104,2762,12,1,230.17,1,679,Bad
426,1426,5,363,2779,18,1,154.39,1,651,Good
427,1427,1,653,2743,28,4,97.96,2,531,Good
428,1428,1,434,1149,18,4,63.83,2,540,Good
429,1429,3,116,1313,9,1,145.89,1,681,Good
430,1430,8,292,1190,18,2,66.11,3,317,Bad
431,1431,6,402,3448,5,1,689.6,1,534,Good
432,1432,9,278,11328,24,2,472.0,2,558,Bad
433,1433,3,248,1872,6,4,312.0,3,301,Good
434,1434,8,181,2058,24,4,85.75,2,541,Good
435,1435,3,29,2136,9,3,237.33,1,605,Good
436,1436,1,56,1484,12,2,123.67,1,652,Bad
437,1437,8,307,660,6,2,110.0,1,668,Good
438,1438,4,605,1287,24,4,53.62,2,518,Good
439,1439,8,90,3394,42,4,80.81,2,378,Good
440,1440,6,578,609,12,4,50.75,1,718,Bad
441,1441,4,523,1884,12,4,157.0,1,661,Good
442,1442,3,244,1620,12,2,135.0,1,589,Good
443,1443,9,489,2629,20,2,131.45,2,497,Good
444,1444,2,629,719,12,4,59.92,1,677,Bad
445,1445,3,505,5096,48,2,106.17,1,490,Bad
446,1446,2,305,1244,9,4,138.22,2,510,Good
447,1447,4,182,1842,36,4,51.17,1,600,Bad
448,1448,1,9,2576,7,2,368.0,1,591,Good
449,1449,3,132,1424,12,3,118.67,1,724,Good
450,1450,8,538,1512,15,3,100.8,2,558,Bad
451,1451,5,270,11054,36,4,307.06,1,458,Good
452,1452,1,222,518,6,3,86.33,1,668,Good
453,1453,3,656,2759,12,2,229.92,2,630,Good
454,1454,5,591,2670,24,4,111.25,1,665,Good
455,1455,4,59,4817,24,2,200.71,1,594,Bad
456,1456,5,315,2679,24,4,111.62,1,556,Good
457,1457,4,151,3905,11,2,355.0,2,396,Good
458,1458,5,579,3386,12,3,282.17,1,508,Bad
459,1459,7,166,343,6,4,57.17,1,573,Good
460,1460,1,591,4594,18,3,255.22,1,514,Good
461,1461,3,668,3620,36,1,100.56,1,678,Good
462,1462,4,412,1721,15,2,114.73,1,561,Good
463,1463,3,563,3017,12,3,251.42,1,529,Good
464,1464,10,640,754,12,4,62.83,2,726,Good
465,1465,6,540,1950,18,4,108.33,2,626,Good
466,1466,5,566,2924,24,3,121.83,1,583,Good
467,1467,1,200,1659,24,4,69.12,1,478,Bad
468,1468,1,604,7238,48,3,150.79,2,582,Good
469,1469,6,571,2764,33,2,83.76,2,534,Good
470,1470,5,328,4679,24,3,194.96,2,522,Good
471,1471,1,311,3092,24,3,128.83,1,571,Bad
472,1472,2,356,448,6,4,74.67,1,520,Bad
473,1473,4,660,654,9,4,72.67,1,574,Bad
474,1474,10,616,1238,6,4,206.33,1,581,Good
475,1475,1,297,1245,18,4,69.17,1,609,Bad
476,1476,3,352,3114,18,1,173.0,1,552,Bad
477,1477,5,558,2569,39,4,65.87,1,657,Good
478,1478,1,96,5152,24,4,214.67,1,699,Good
479,1479,6,367,1037,12,3,86.42,1,792,Good
480,1480,3,291,1478,15,4,98.53,2,573,Good
481,1481,1,347,3573,12,1,297.75,1,496,Good
482,1482,4,435,1201,24,4,50.04,1,621,Good
483,1483,3,414,3622,30,4,120.73,2,541,Good
484,1484,3,100,960,15,3,64.0,2,576,Good
485,1485,4,171,1163,12,4,96.92,1,497,Good
486,1486,4,186,1209,6,4,201.5,1,447,Bad
487,1487,1,286,3077,12,2,256.42,1,560,Good
488,1488,4,487,3757,24,4,156.54,1,557,Good
489,1489,4,189,1418,10,3,141.8,1,620,Good
490,1490,4,264,3518,6,2,586.33,1,536,Good
491,1491,1,78,1934,12,2,161.17,2,529,Good
492,1492,6,524,8318,27,2,308.07,2,684,Bad
493,1493,1,515,1237,6,1,206.17,2,492,Good
494,1494,1,428,368,6,4,61.33,1,694,Good
495,1495,4,593,2122,12,3,176.83,2,475,Good
496,1496,3,526,2996,24,2,124.83,1,606,Bad
497,1497,3,76,9034,36,4,250.94,1,518,Bad
498,1498,3,253,1585,24,4,66.04,2,534,Good
499,1499,1,530,1301,18,4,72.28,1,693,Good
500,1500,4,494,1323,6,2,220.5,2,578,Good
501,1501,4,23,3123,24,4,130.12,1,587,Bad
502,1502,5,483,5493,36,2,152.58,1,627,Good
503,1503,1,607,1126,9,2,125.11,1,698,Good
504,1504,1,10,1216,24,4,50.67,2,546,Bad
505,1505,4,454,1207,24,4,50.29,1,530,Bad
506,1506,4,386,1309,10,4,130.9,1,595,Bad
507,1507,5,495,2360,15,2,157.33,1,562,Good
508,1508,4,528,6850,15,1,456.67,1,544,Bad
509,1509,1,272,1413,24,4,58.88,1,641,Good
510,1510,5,621,8588,39,4,220.21,1,595,Good
511,1511,4,271,759,12,4,63.25,1,648,Bad
512,1512,5,349,4686,36,2,130.17,1,548,Good
513,1513,6,553,2687,15,2,179.13,1,672,Good
514,1514,1,617,585,12,4,48.75,2,522,Good
515,1515,4,36,2255,24,4,93.96,1,592,Good
516,1516,4,493,609,6,4,101.5,2,542,Good
517,1517,4,436,1361,6,2,226.83,1,455,Good
518,1518,3,511,7127,36,2,197.97,2,390,Bad
519,1519,4,211,1203,6,3,200.5,1,632,Good
520,1520,1,595,700,6,4,116.67,2,522,Good
521,1521,8,159,5507,24,3,229.46,2,389,Good
522,1522,1,672,3190,18,2,177.22,1,606,Bad
523,1523,3,33,7119,48,3,148.31,2,550,Bad
524,1524,5,497,3488,24,3,145.33,1,647,Good
525,1525,1,33,1113,18,4,61.83,1,657,Good
526,1526,5,103,7966,26,2,306.38,2,535,Good
527,1527,2,542,1532,15,4,102.13,1,471,Good
528,1528,1,168,1503,4,2,375.75,2,481,Good
529,1529,1,588,2302,36,4,63.94,1,587,Bad
530,1530,4,228,662,6,3,110.33,1,562,Good
531,1531,2,59,2273,36,3,63.14,2,719,Good
532,1532,4,329,2631,15,2,175.4,2,560,Bad
533,1533,5,480,1503,12,4,125.25,1,478,Good
534,1534,1,424,1311,24,4,54.62,1,623,Good
535,1535,1,259,3105,24,4,129.38,2,560,Good
536,1536,2,577,2319,21,2,110.43,1,511,Bad
537,1537,4,423,1374,6,4,229.0,1,494,Good
538,1538,3,438,3612,18,3,200.67,1,558,Good
539,1539,4,480,7763,48,4,161.73,1,600,Bad
540,1540,3,357,3049,18,1,169.39,1,652,Good
541,1541,1,532,1534,12,1,127.83,1,605,Bad
542,1542,4,320,2032,24,4,84.67,2,496,Good
543,1543,3,102,6350,30,4,211.67,1,615,Bad
544,1544,3,600,2864,18,2,159.11,1,743,Bad
545,1545,4,22,1255,12,4,104.58,2,485,Good
546,1546,4,63,1333,24,4,55.54,2,376,Bad
547,1547,4,452,2022,24,4,84.25,1,537,Good
548,1548,1,277,1552,24,3,64.67,1,653,Good
549,1549,1,83,626,12,4,52.17,1,651,Bad
550,1550,5,49,8858,48,2,184.54,2,431,Good
551,1551,8,38,996,12,4,83.0,2,542,Good
552,1552,1,311,1750,6,2,291.67,1,635,Good
553,1553,1,249,6999,48,1,145.81,2,645,Bad
554,1554,4,24,1995,12,4,166.25,1,507,Good
555,1555,2,189,1199,9,4,133.22,2,680,Good
556,1556,1,296,1331,12,2,110.92,1,607,Bad
557,1557,4,156,2278,18,3,126.56,2,645,Bad
558,1558,4,603,5003,21,1,238.24,2,607,Bad
559,1559,3,142,3552,24,3,148.0,1,641,Bad
560,1560,3,268,1928,18,2,107.11,2,487,Bad
561,1561,5,592,2964,24,4,123.5,1,578,Good
562,1562,1,325,1546,24,4,64.42,1,682,Bad
563,1563,1,471,683,6,2,113.83,1,636,Good
564,1564,4,214,12389,36,1,344.14,1,550,Bad
565,1565,6,142,4712,24,4,196.33,2,596,Good
566,1566,1,208,1553,24,3,64.71,2,557,Good
567,1567,4,404,1372,12,2,114.33,1,548,Bad
568,1568,1,134,2578,24,2,107.42,1,499,Good
569,1569,1,31,3979,48,4,82.9,2,643,Good
570,1570,1,405,6758,48,3,140.79,1,579,Bad
571,1571,3,477,3234,24,4,134.75,1,520,Bad
572,1572,1,500,5954,30,3,198.47,1,560,Good
573,1573,5,247,5433,24,2,226.38,1,479,Good
574,1574,6,95,806,15,4,53.73,1,613,Good
575,1575,1,303,1082,9,4,120.22,2,714,Good
576,1576,3,125,2788,15,2,185.87,2,443,Good
577,1577,1,392,2930,12,2,244.17,1,647,Good
578,1578,2,150,1927,24,3,80.29,2,543,Good
579,1579,4,50,2820,36,4,78.33,2,485,Bad
580,1580,10,449,937,24,4,39.04,2,644,Good
581,1581,4,670,1056,18,3,58.67,2,610,Bad
582,1582,4,542,3124,12,1,260.33,2,457,Good
583,1583,3,473,1388,9,4,154.22,1,588,Good
584,1584,8,84,2384,36,4,66.22,1,678,Bad
585,1585,4,643,2133,12,4,177.75,1,595,Good
586,1586,3,444,2039,18,1,113.28,1,557,Bad
587,1587,4,17,2799,9,2,311.0,2,386,Good
588,1588,3,530,1289,12,4,107.42,1,594,Good
589,1589,7,624,1217,18,4,67.61,1,644,Bad
590,1590,3,130,2246,12,3,187.17,2,484,Bad
591,1591,1,548,385,12,4,32.08,4,522,Good
592,1592,4,465,1965,24,4,81.88,2,535,Good
593,1593,6,585,1572,21,4,74.86,1,694,Good
594,1594,4,190,2718,24,3,113.25,1,620,Bad
595,1595,9,552,1358,24,4,56.58,1,711,Bad
596,1596,4,222,931,6,1,155.17,1,624,Bad
597,1597,4,661,1442,24,4,60.08,2,591,Bad
598,1598,6,345,4241,24,1,176.71,3,660,Bad
599,1599,4,614,2775,18,2,154.17,2,496,Bad
600,1600,6,592,3863,24,1,160.96,1,471,Good
601,1601,1,553,2329,7,1,332.71,1,612,Good
602,1602,3,342,918,9,4,102.0,1,652,Bad
603,1603,2,417,1837,24,4,76.54,1,686,Bad
604,1604,3,308,3349,36,4,93.03,1,680,Bad
605,1605,3,107,1275,10,4,127.5,1,682,Good
606,1606,3,359,2828,24,4,117.83,1,666,Good
607,1607,6,573,4526,24,3,188.58,1,466,Good
608,1608,1,305,2671,36,4,74.19,1,582,Bad
609,1609,1,591,2051,18,4,113.94,1,526,Good
610,1610,5,480,1300,15,4,86.67,1,664,Good
611,1611,7,436,741,12,4,61.75,1,569,Bad
612,1612,4,35,1240,10,1,124.0,1,678,Bad
613,1613,1,629,3357,21,4,159.86,1,568,Good
614,1614,5,421,3632,24,1,151.33,1,536,Good
615,1615,3,228,1808,18,4,100.44,1,643,Bad
616,1616,6,620,12204,48,2,254.25,1,663,Good
617,1617,1,260,9157,60,2,152.62,1,503,Good
618,1618,4,458,3676,6,1,612.67,3,391,Good
619,1619,3,327,3441,30,2,114.7,1,624,Bad
620,1620,4,443,640,12,4,53.33,1,646,Good
621,1621,6,360,3652,21,2,173.9,2,526,Good
622,1622,4,354,1530,18,3,85.0,2,534,Bad
623,1623,6,15,3914,48,4,81.54,1,696,Bad
624,1624,3,654,1858,12,4,154.83,1,560,Good
625,1625,1,238,2600,18,4,144.44,2,577,Bad
626,1626,1,106,1979,15,4,131.93,1,634,Good
627,1627,3,302,2116,6,2,352.67,1,640,Good
628,1628,4,513,1437,9,2,159.67,1,686,Bad
629,1629,3,622,4042,42,4,96.24,2,521,Good
630,1630,2,300,3832,9,1,425.78,1,652,Good
631,1631,1,606,3660,24,2,152.5,1,539,Good
632,1632,3,625,1553,18,4,86.28,1,685,Bad
633,1633,1,568,1444,15,4,96.27,1,645,Good
634,1634,3,21,1980,9,2,220.0,2,527,Bad
635,1635,4,115,1355,24,3,56.46,1,619,Bad
636,1636,2,380,1393,12,4,116.08,3,600,Good
637,1637,1,273,1376,24,4,57.33,1,684,Good
638,1638,1,511,15653,60,2,260.88,2,512,Good
639,1639,1,304,1493,12,4,124.42,1,541,Good
640,1640,1,397,4370,42,3,104.05,2,481,Bad
641,1641,2,471,750,18,4,41.67,1,539,Bad
642,1642,8,603,1308,15,4,87.2,2,770,Good
643,1643,2,668,4623,15,3,308.2,1,572,Bad
644,1644,1,446,1851,24,4,77.12,2,494,Good
645,1645,1,539,1880,18,4,104.44,2,512,Good
646,1646,6,428,7980,36,4,221.67,2,411,Bad
647,1647,3,454,4583,30,2,152.77,2,549,Good
648,1648,4,576,1386,12,2,115.5,1,608,Bad
649,1649,4,346,947,24,4,39.46,1,683,Bad
650,1650,2,397,684,12,4,57.0,1,600,Bad
651,1651,2,319,7476,48,4,155.75,1,605,Good
652,1652,3,285,1922,12,4,160.17,1,683,Bad
653,1653,4,150,2303,24,4,95.96,1,651,Bad
654,1654,4,241,8086,36,2,224.61,4,536,Bad
655,1655,5,409,2346,24,4,97.75,2,617,Good
656,1656,4,148,3973,14,1,283.79,1,431,Good
657,1657,4,231,888,12,4,74.0,1,720,Bad
658,1658,1,239,10222,48,4,212.96,1,599,Good
659,1659,6,266,4221,30,2,140.7,2,695,Good
660,1660,3,615,6361,18,2,353.39,1,535,Good
661,1661,1,355,1297,12,3,108.08,1,672,Good
662,1662,4,663,900,12,4,75.0,1,603,Bad
663,1663,3,362,2241,21,4,106.71,2,649,Good
664,1664,3,123,1050,6,4,175.0,2,473,Good
665,1665,2,243,1047,6,2,174.5,1,558,Good
666,1666,9,383,6314,24,4,263.08,2,393,Good
667,1667,3,280,3496,30,4,116.53,1,662,Good
668,1668,6,463,3609,48,1,75.19,1,705,Good
669,1669,4,225,4843,12,3,403.58,2,360,Bad
670,1670,1,394,3017,30,4,100.57,1,682,Good
671,1671,6,18,4139,24,3,172.46,2,527,Good
672,1672,6,672,5742,36,2,159.5,2,567,Good
673,1673,4,157,10366,60,2,172.77,1,639,Good
674,1674,4,351,2080,6,1,346.67,1,448,Good
675,1675,6,55,2580,21,4,122.86,1,447,Bad
676,1676,1,66,4530,30,4,151.0,1,446,Good
677,1677,3,377,5150,24,4,214.58,1,466,Good
678,1678,1,156,5595,72,2,77.71,1,732,Bad
679,1679,1,625,2384,24,4,99.33,1,648,Good
680,1680,1,127,1453,18,3,80.72,1,648,Good
681,1681,2,17,1538,6,1,256.33,1,571,Good
682,1682,1,364,2279,12,4,189.92,1,516,Good
683,1683,1,598,1478,15,4,98.53,2,534,Good
684,1684,1,609,5103,24,3,212.62,3,384,Good
685,1685,6,560,9857,36,1,273.81,2,513,Good
686,1686,4,443,6527,60,4,108.78,1,571,Good
687,1687,1,230,1347,10,4,134.7,2,592,Good
688,1688,4,62,2862,36,4,79.5,1,558,Good
689,1689,1,321,2753,9,3,305.89,1,641,Good
690,1690,4,608,3651,12,1,304.25,1,573,Good
691,1691,3,141,975,15,2,65.0,2,489,Good
692,1692,8,79,2631,15,3,175.4,1,684,Good
693,1693,1,506,2896,24,2,120.67,1,587,Good
694,1694,4,626,4716,6,1,786.0,2,398,Good
695,1695,1,92,2284,24,4,95.17,1,677,Good
696,1696,5,64,1236,6,2,206.0,1,560,Good
697,1697,1,187,1103,12,4,91.92,2,709,Good
698,1698,4,185,926,12,1,77.17,1,412,Good
699,1699,1,395,1800,18,4,100.0,2,547,Good
700,1700,2,105,1905,15,4,127.0,1,694,Good
701,1701,3,313,1123,12,4,93.58,1,584,Bad
702,1702,5,147,6331,48,4,131.9,2,481,Bad
703,1703,1,527,1377,24,4,57.38,1,688,Good
704,1704,6,279,2503,30,4,83.43,2,587,Good
705,1705,6,662,2528,27,4,93.63,1,603,Good
706,1706,4,483,5324,15,1,354.93,1,578,Good
707,1707,4,572,6560,48,3,136.67,1,631,Bad
708,1708,3,563,2969,12,4,247.42,2,642,Bad
709,1709,1,385,1206,9,4,134.0,1,627,Good
710,1710,1,543,2118,9,2,235.33,1,670,Good
711,1711,1,396,629,18,4,34.94,2,566,Good
712,1712,2,74,1198,6,4,199.67,1,587,Bad
713,1713,5,121,2476,21,4,117.9,1,633,Good
714,1714,1,254,1138,9,4,126.44,2,481,Good
715,1715,4,258,14027,60,4,233.78,1,638,Bad
716,1716,5,335,7596,30,1,253.2,2,533,Good
717,1717,1,101,3077,30,3,102.57,2,563,Good
718,1718,1,196,1505,18,4,83.61,1,584,Good
719,1719,1,299,3148,24,3,131.17,2,569,Good
720,1720,5,218,6148,20,3,307.4,2,698,Good
721,1721,1,93,1337,9,4,148.56,2,719,Bad
722,1722,2,195,433,6,4,72.17,1,578,Bad
723,1723,4,6,1228,12,4,102.33,1,579,Bad
724,1724,1,517,790,9,4,87.78,1,702,Good
725,1725,4,572,2570,27,3,95.19,1,605,Bad
726,1726,4,599,250,6,2,41.67,2,514,Good
727,1727,1,375,1316,15,2,87.73,2,520,Good
728,1728,1,41,1882,18,4,104.56,2,590,Bad
729,1729,6,287,6416,48,4,133.67,1,653,Bad
730,1730,6,372,1275,24,2,53.12,2,586,Good
731,1731,1,362,6403,24,1,266.79,1,505,Good
732,1732,1,576,1987,24,2,82.79,1,550,Bad
733,1733,1,87,760,8,4,95.0,1,712,Good
734,1734,5,290,2603,24,2,108.46,1,518,Good
735,1735,4,335,3380,4,1,845.0,1,480,Good
736,1736,7,246,3990,36,3,110.83,1,654,Good
737,1737,5,538,11560,24,1,481.67,2,587,Bad
738,1738,4,143,4380,18,3,243.33,1,589,Good
739,1739,4,278,6761,6,1,1126.83,2,499,Good
740,1740,6,185,4280,30,4,142.67,2,680,Bad
741,1741,4,338,2325,24,2,96.88,1,604,Good
742,1742,1,175,1048,10,4,104.8,1,661,Good
743,1743,1,88,3160,21,4,150.48,1,631,Good
744,1744,3,73,2483,24,4,103.46,1,640,Good
745,1745,3,212,14179,39,4,363.56,2,475,Good
746,1746,6,398,1797,13,3,138.23,2,418,Good
747,1747,4,373,2511,15,1,167.4,1,485,Good
748,1748,4,557,1274,12,3,106.17,1,567,Bad
749,1749,5,153,5248,21,1,249.9,1,561,Good
750,1750,5,597,3029,15,2,201.93,1,587,Good
751,1751,3,395,428,6,2,71.33,1,632,Good
752,1752,4,508,976,18,1,54.22,1,549,Bad
753,1753,6,348,841,12,2,70.08,1,630,Good
754,1754,1,635,5771,30,4,192.37,2,541,Good
755,1755,8,628,1555,12,4,129.58,2,471,Bad
756,1756,4,555,1285,24,4,53.54,1,678,Bad
757,1757,4,99,1299,6,1,216.5,3,594,Good
758,1758,1,48,1271,15,3,84.73,2,555,Bad
759,1759,4,547,1393,24,2,58.04,1,614,Good
760,1760,4,417,691,12,4,57.58,2,561,Bad
761,1761,4,317,5045,15,1,336.33,1,482,Good
762,1762,3,31,2124,18,4,118.0,2,433,Bad
763,1763,1,113,2214,12,4,184.5,1,666,Good
764,1764,4,282,12680,21,4,603.81,1,407,Bad
765,1765,4,25,2463,24,4,102.62,2,574,Good
766,1766,1,343,1155,12,3,96.25,2,698,Good
767,1767,3,49,3108,30,2,103.6,1,558,Bad
768,1768,5,220,2901,10,1,290.1,1,563,Good
769,1769,3,600,3617,12,1,301.42,3,481,Good
770,1770,1,658,1655,12,2,137.92,2,584,Good
771,1771,5,562,2812,24,2,117.17,1,611,Good
772,1772,2,357,8065,36,3,224.03,2,423,Bad
773,1773,5,227,3275,21,1,155.95,1,548,Good
774,1774,1,553,2223,24,4,92.62,2,589,Good
775,1775,4,626,1480,12,2,123.33,3,468,Good
776,1776,4,112,1371,24,4,57.12,1,532,Bad
777,1777,4,599,3535,36,4,98.19,2,518,Good
778,1778,1,450,3509,18,4,194.94,1,602,Good
779,1779,5,517,5711,36,4,158.64,2,527,Good
780,1780,8,432,3872,18,2,215.11,1,568,Good
781,1781,1,415,4933,39,2,126.49,2,555,Bad
782,1782,4,129,1940,24,4,80.83,1,519,Good
783,1783,10,203,1410,12,2,117.5,1,701,Good
784,1784,4,426,836,12,4,69.67,1,668,Bad
785,1785,5,520,6468,20,1,323.4,1,566,Good
786,1786,6,630,1941,18,4,107.83,1,682,Good
787,1787,1,372,2675,22,3,121.59,1,675,Good
788,1788,5,506,2751,48,4,57.31,2,573,Good
789,1789,2,44,6224,48,4,129.67,1,537,Bad
790,1790,2,577,5998,40,4,149.95,1,420,Bad
791,1791,6,109,1188,21,2,56.57,1,732,Bad
792,1792,5,408,6313,24,3,263.04,1,626,Good
793,1793,3,320,1221,6,1,203.5,2,498,Good
794,1794,3,418,2892,24,3,120.5,1,641,Good
795,1795,3,145,3062,24,4,127.58,1,577,Good
796,1796,3,510,2301,9,2,255.67,1,541,Good
797,1797,5,652,7511,18,1,417.28,1,538,Bad
798,1798,3,3,1258,12,2,104.83,2,470,Good
799,1799,4,589,717,24,4,29.88,2,590,Good
800,1800,4,522,1549,9,4,172.11,1,620,Good
801,1801,2,66,1597,24,4,66.54,2,528,Good
802,1802,1,233,1795,18,3,99.72,2,544,Good
803,1803,3,657,4272,20,1,213.6,2,482,Good
804,1804,1,464,976,12,4,81.33,2,546,Good
805,1805,4,633,7472,12,1,622.67,1,466,Good
806,1806,4,562,9271,36,2,257.53,1,570,Bad
807,1807,1,62,590,6,3,98.33,1,656,Good
808,1808,1,251,930,12,4,77.5,4,545,Good
809,1809,5,339,9283,42,1,221.02,1,547,Good
810,1810,4,162,1778,15,2,118.53,2,593,Bad
811,1811,6,371,907,8,3,113.38,1,614,Good
812,1812,1,556,484,6,3,80.67,1,686,Good
813,1813,5,616,9629,36,4,267.47,2,503,Bad
814,1814,7,151,3051,48,3,63.56,1,625,Bad
815,1815,4,36,3931,48,4,81.9,1,610,Bad
816,1816,4,298,7432,36,2,206.44,1,445,Good
817,1817,7,199,1338,6,1,223.0,1,618,Good
818,1818,1,403,1554,6,1,259.0,2,466,Good
819,1819,9,18,15857,36,2,440.47,1,492,Good
820,1820,1,516,1345,18,4,74.72,1,651,Bad
821,1821,4,115,1101,12,3,91.75,2,624,Good
822,1822,1,278,3016,12,3,251.33,1,712,Good
823,1823,3,140,2712,36,2,75.33,1,728,Bad
824,1824,4,588,731,8,4,91.38,2,529,Good
825,1825,3,146,3780,18,3,210.0,2,446,Good
826,1826,4,191,1602,21,4,76.29,2,583,Good
827,1827,4,633,3966,18,1,220.33,3,487,Bad
828,1828,6,376,4165,18,2,231.39,2,604,Bad
829,1829,5,647,8335,36,3,231.53,1,527,Bad
830,1830,6,350,6681,48,4,139.19,1,491,Good
831,1831,6,525,2375,24,4,98.96,2,509,Good
832,1832,4,612,1216,18,4,67.56,1,522,Bad
833,1833,6,601,11816,45,2,262.58,2,569,Bad
834,1834,1,305,5084,24,2,211.83,1,636,Good
835,1835,1,580,2327,15,2,155.13,1,668,Bad
836,1836,4,179,1082,12,4,90.17,2,667,Bad
837,1837,1,488,886,12,4,73.83,1,686,Good
838,1838,3,237,601,4,1,150.25,1,510,Good
839,1839,5,646,2957,24,4,123.21,2,539,Good
840,1840,1,169,2611,24,4,108.79,2,523,Good
841,1841,3,85,5179,36,4,143.86,1,608,Bad
842,1842,5,354,2993,21,3,142.52,2,540,Good
843,1843,8,524,1943,18,4,107.94,1,546,Bad
844,1844,6,442,1559,24,4,64.96,1,691,Good
845,1845,3,645,3422,18,4,190.11,3,654,Good
846,1846,3,340,3976,21,2,189.33,1,684,Good
847,1847,4,6,6761,18,2,375.61,2,548,Bad
848,1848,4,362,1249,24,4,52.04,1,683,Good
849,1849,1,386,1364,9,3,151.56,1,590,Good
850,1850,1,623,709,12,4,59.08,1,644,Bad
851,1851,4,184,2235,20,4,111.75,2,411,Bad
852,1852,5,567,4042,24,3,168.42,2,493,Good
853,1853,1,615,1471,15,4,98.07,2,440,Good
854,1854,4,447,1442,18,4,80.11,2,635,Bad
855,1855,4,431,10875,36,2,302.08,2,572,Good
856,1856,4,478,1474,24,4,61.42,1,592,Good
857,1857,10,578,894,10,4,89.4,1,635,Good
858,1858,3,416,3343,15,4,222.87,1,414,Good
859,1859,4,234,3959,15,3,263.93,1,543,Bad
860,1860,4,297,3577,9,1,397.44,1,558,Good
861,1861,5,487,5804,24,4,241.83,2,466,Good
862,1862,6,290,2169,18,4,120.5,1,474,Bad
863,1863,1,519,2439,24,4,101.62,1,636,Bad
864,1864,3,53,4526,27,4,167.63,2,513,Good
865,1865,3,413,2210,10,2,221.0,1,521,Bad
866,1866,3,602,2221,15,2,148.07,1,558,Good
867,1867,1,484,2389,18,4,132.72,1,568,Good
868,1868,3,492,3331,12,2,277.58,1,510,Good
869,1869,6,188,7409,36,3,205.81,2,639,Good
870,1870,3,630,652,12,4,54.33,1,680,Good
871,1871,3,44,7678,36,2,213.28,2,504,Good
872,1872,4,156,1343,6,1,223.83,2,596,Good
873,1873,6,638,1382,24,4,57.58,2,478,Good
874,1874,7,430,874,15,4,58.27,1,588,Good
875,1875,3,123,3590,12,2,299.17,1,559,Good
876,1876,4,559,1322,11,4,120.18,2,583,Good
877,1877,1,122,1940,18,3,107.78,1,504,Good
878,1878,1,664,3595,36,4,99.86,1,686,Good
879,1879,4,580,1422,9,3,158.0,1,499,Bad
880,1880,1,20,6742,30,2,224.73,2,515,Good
881,1881,5,178,7814,24,3,325.58,1,675,Good
882,1882,5,518,9277,24,2,386.54,1,504,Good
883,1883,4,192,2181,30,4,72.7,2,585,Good
884,1884,1,93,1098,18,4,61.0,2,481,Good
885,1885,3,598,4057,24,3,169.04,1,690,Bad
886,1886,2,336,795,12,4,66.25,1,645,Bad
887,1887,6,440,2825,24,4,117.71,2,567,Good
888,1888,6,502,15672,48,2,326.5,1,609,Bad
889,1889,4,99,6614,36,4,183.72,2,547,Good
890,1890,5,425,7824,28,3,279.43,2,563,Good
891,1891,6,671,2442,27,4,90.44,4,564,Good
892,1892,1,482,1829,15,4,121.93,2,545,Good
893,1893,4,411,2171,12,4,180.92,2,502,Good
894,1894,5,621,5800,36,3,161.11,2,565,Good
895,1895,1,43,1169,18,4,64.94,2,561,Good
896,1896,5,83,8947,36,3,248.53,1,529,Good
897,1897,1,291,2606,21,4,124.1,1,514,Good
898,1898,3,370,1592,12,3,132.67,1,514,Good
899,1899,3,280,2186,15,1,145.73,1,626,Good
900,1900,3,111,4153,18,2,230.72,1,535,Bad
901,1901,4,549,2625,16,2,164.06,1,481,Bad
902,1902,4,120,3485,20,2,174.25,2,448,Good
903,1903,5,123,10477,36,2,291.03,2,440,Good
904,1904,1,565,1386,15,4,92.4,1,638,Good
905,1905,1,213,1278,24,4,53.25,1,685,Good
906,1906,1,388,1107,12,2,92.25,1,581,Good
907,1907,4,36,3763,21,2,179.19,1,569,Good
908,1908,2,56,3711,36,2,103.08,1,672,Good
909,1909,5,420,3594,15,1,239.6,2,479,Good
910,1910,4,67,3195,9,1,355.0,1,684,Good
911,1911,1,378,4454,36,4,123.72,2,510,Good
912,1912,3,461,4736,24,2,197.33,1,506,Bad
913,1913,1,476,2991,30,2,99.7,1,727,Good
914,1914,6,545,2142,11,1,194.73,1,697,Good
915,1915,6,180,3161,24,4,131.71,1,567,Bad
916,1916,9,306,18424,48,1,383.83,1,668,Bad
917,1917,5,668,2848,10,1,284.8,1,598,Good
918,1918,4,520,14896,6,1,2482.67,1,575,Bad
919,1919,3,226,2359,24,1,98.29,1,536,Bad
920,1920,3,216,3345,24,4,139.38,1,595,Bad
921,1921,3,220,1817,18,4,100.94,2,552,Good
922,1922,1,97,12749,48,4,265.6,1,479,Good
923,1923,1,486,1366,9,3,151.78,1,523,Bad
924,1924,4,301,2002,12,3,166.83,1,608,Good
925,1925,3,632,6872,24,2,286.33,1,585,Bad
926,1926,4,177,697,12,4,58.08,2,564,Bad
927,1927,3,288,1049,18,4,58.28,1,413,Good
928,1928,5,587,10297,48,4,214.52,3,531,Bad
929,1929,1,322,1867,30,4,62.23,1,726,Good
930,1930,4,585,1344,12,4,112.0,2,498,Good
931,1931,3,324,1747,24,4,72.79,1,573,Good
932,1932,1,14,1670,9,4,185.56,1,676,Bad
933,1933,4,592,1224,9,3,136.0,2,446,Good
934,1934,1,371,522,12,4,43.5,2,494,Good
935,1935,1,198,1498,12,4,124.83,1,603,Good
936,1936,1,92,1919,30,4,63.97,2,544,Bad
937,1937,1,561,745,9,3,82.78,1,699,Bad
938,1938,1,448,2063,6,4,343.83,1,571,Good
939,1939,2,387,6288,60,4,104.8,1,597,Bad
940,1940,5,537,6842,24,2,285.08,2,443,Good
941,1941,4,317,3527,12,2,293.92,1,511,Good
942,1942,4,580,1546,10,3,154.6,1,636,Good
943,1943,3,393,929,24,4,38.71,1,679,Good
944,1944,4,248,1455,4,2,363.75,3,477,Good
945,1945,3,490,1845,15,4,123.0,1,575,Good
946,1946,4,613,8358,48,1,174.12,2,627,Good
947,1947,3,132,3349,24,4,139.54,1,474,Bad
948,1948,4,294,2859,12,4,238.25,1,489,Good
949,1949,3,485,1533,18,4,85.17,1,608,Bad
950,1950,1,462,3621,24,2,150.88,2,657,Bad
951,1951,6,382,3590,18,3,199.44,3,452,Good
952,1952,6,381,2145,36,2,59.58,2,560,Bad
953,1953,5,27,4113,24,3,171.38,1,542,Bad
954,1954,3,499,10974,36,4,304.83,2,553,Bad
955,1955,4,352,1893,12,4,157.75,1,587,Good
956,1956,1,13,1231,24,4,51.29,2,533,Good
957,1957,1,58,3656,30,4,121.87,2,630,Good
958,1958,1,631,1154,9,2,128.22,3,583,Good
959,1959,4,368,4006,28,3,143.07,1,607,Bad
960,1960,3,284,3069,24,4,127.88,1,643,Good
961,1961,1,455,1740,6,2,290.0,2,479,Good
962,1962,4,270,2353,21,1,112.05,2,599,Good
963,1963,4,236,3556,15,3,237.07,1,585,Good
964,1964,1,318,2397,24,3,99.88,2,701,Bad
965,1965,8,170,454,6,3,75.67,1,647,Good
966,1966,1,118,1715,30,4,57.17,1,723,Good
967,1967,1,47,2520,27,4,93.33,2,539,Bad
968,1968,1,400,3568,15,4,237.87,1,634,Good
969,1969,1,560,7166,42,2,170.62,1,588,Good
970,1970,4,42,3939,11,1,358.09,2,397,Good
971,1971,8,469,1514,15,4,100.93,1,683,Good
972,1972,4,163,7393,24,1,308.04,1,559,Good
973,1973,4,110,1193,24,1,49.71,2,555,Bad
974,1974,6,381,7297,60,4,121.62,1,570,Bad
975,1975,1,423,2831,30,4,94.37,1,506,Good
976,1976,1,525,1258,24,3,52.42,1,673,Good
977,1977,1,221,753,6,2,125.5,1,636,Good
978,1978,6,250,2427,18,4,134.83,2,527,Good
979,1979,4,164,2538,24,4,105.75,2,512,Bad
980,1980,4,470,1264,15,2,84.27,1,682,Bad
981,1981,3,668,8386,30,2,279.53,1,543,Bad
982,1982,6,637,4844,48,3,100.92,1,542,Bad
983,1983,4,349,2923,21,1,139.19,1,670,Good
984,1984,5,209,8229,36,2,228.58,1,558,Bad
985,1985,3,326,2028,24,2,84.5,2,539,Good
986,1986,3,611,1433,15,4,95.53,2,425,Good
987,1987,6,381,6289,42,2,149.74,2,755,Good
988,1988,1,440,1409,13,2,108.38,1,566,Good
989,1989,5,143,6579,24,4,274.12,1,423,Good
990,1990,1,597,1743,24,4,72.62,2,600,Good
991,1991,2,94,3565,12,2,297.08,2,436,Good
992,1992,1,174,1569,15,4,104.6,1,638,Good
993,1993,1,279,1936,18,2,107.56,2,562,Good
994,1994,3,501,3959,36,4,109.97,1,499,Good
995,1995,4,470,2390,12,4,199.17,1,619,Good
996,1996,3,110,1736,12,3,144.67,1,621,Good
997,1997,5,498,3857,30,4,128.57,1,643,Good
998,1998,1,18,804,12,4,67.0,1,699,Good
999,1999,1,335,1845,45,4,41.0,1,542,Bad
1000,2000,5,152,4576,45,3,101.69,1,507,Good
